GRB120302A,21.446727752685547,-1.2315832376480103
GRB090915,6.6673102378845215,7.210598468780518
GRB110305A,1.7750787734985352,10.446186065673828
GRB090531B,-3.2424156665802,0.9746323823928833
GRB050721,15.811921119689941,-1.1034677028656006
GRB101129A,-35.60462951660156,29.277223587036133
GRB161217A,-3.4892077445983887,27.874757766723633
GRB050410,6.753898620605469,-11.773481369018555
GRB100614A,24.787111282348633,-17.81511116027832
GRB080129,24.48579216003418,-0.1735929548740387
GRB080905A,-31.53882598876953,16.914466857910156
GRB060313,-28.948158264160156,15.749113082885742
GRB080605,-15.765710830688477,-14.990433692932129
GRB150801B,2.733017683029175,-9.852001190185547
GRB120403B,-2.2891299724578857,25.07975959777832
GRB130615A,25.666183471679688,-14.692275047302246
GRB070208,7.620162010192871,19.879615783691406
GRB091026,0.5803402662277222,-5.317680835723877
GRB130727A,-16.41051483154297,-10.974260330200195
GRB170728B,6.895445823669434,27.165315628051758
GRB060729,10.4396333694458,-11.963364601135254
GRB190422A,10.044364929199219,-29.4512996673584
GRB100728B,-5.869350910186768,4.042622089385986
GRB060908,-14.612781524658203,-7.226654529571533
GRB140320A,-34.29952621459961,29.10845947265625
GRB161017A,-1.513849139213562,-24.634666442871094
GRB100425A,-6.203009605407715,27.99530029296875
GRB150101A,20.835235595703125,3.5989058017730713
GRB130725A,-3.490004062652588,1.4881991147994995
GRB160410A,17.06855010986328,-21.7584228515625
GRB090123,-28.71733283996582,15.68691349029541
GRB101219A,11.480664253234863,-33.688026428222656
GRB060510B,-23.748918533325195,28.25677490234375
GRB150120A,-21.58447265625,15.661438941955566
GRB171011A,2.8087069988250732,-4.950102806091309
GRB051006,-5.865636825561523,3.1199893951416016
GRB150710B,23.989887237548828,4.997278213500977
GRB170807A,-8.367523193359375,17.094274520874023
GRB071118,0.3780479431152344,4.328138828277588
GRB130929A,14.954654693603516,-7.187378406524658
GRB121108A,-25.17236328125,28.23838996887207
GRB070531,-17.354841232299805,2.5255093574523926
GRB080426,8.762508392333984,-22.326662063598633
GRB050820B,5.293169975280762,-24.039573669433594
GRB150430A,-36.350467681884766,31.846216201782227
GRB151111A,-14.80595588684082,-5.055093765258789
GRB190511A,25.74846076965332,-5.656790733337402
GRB160714A,-16.316692352294922,12.715048789978027
GRB090129,-9.184104919433594,-31.4548397064209
GRB151004A,7.949613094329834,3.582550048828125
GRB180630A,25.097951889038086,-11.499382972717285
GRB090418B,-14.516218185424805,15.769659996032715
GRB140305A,-20.654935836791992,3.676927089691162
GRB130419A,-19.769351959228516,3.971745729446411
GRB090423,10.762310981750488,-17.387556076049805
GRB090424,12.440192222595215,-2.812342882156372
GRB161218A,22.281688690185547,-25.83551597595215
GRB080928,-36.98699951171875,22.63608169555664
GRB050422,-38.497169494628906,33.01411819458008
GRB090417B,-15.557391166687012,-9.876773834228516
GRB130603B,15.661942481994629,1.6063196659088135
GRB140903A,-8.957837104797363,29.558734893798828
GRB050219B,18.477693557739258,-30.386119842529297
GRB060526,-23.40406608581543,31.753416061401367
GRB120224A,24.46462059020996,-5.67117977142334
GRB090419,-30.74878692626953,21.311382293701172
GRB050416A,2.6313624382019043,2.691551923751831
GRB141026A,6.011031627655029,20.605886459350586
GRB091117,-11.551423072814941,-26.128681182861328
GRB120311B,-31.07071304321289,26.616952896118164
GRB180221A,-1.6065455675125122,6.722243785858154
GRB131030A,10.671810150146484,25.423749923706055
GRB090815C,4.453851699829102,14.64836311340332
GRB151118A,11.987808227539062,15.557029724121094
GRB060604,-12.306283950805664,24.36037254333496
GRB140412A,13.65605354309082,17.116912841796875
GRB140301A,7.137893199920654,-0.8556032776832581
GRB070518,-6.357218265533447,6.42259407043457
GRB071028A,-4.459975242614746,18.81422233581543
GRB130627B,-15.631832122802734,-4.756042003631592
GRB190311A,11.791003227233887,-13.309718132019043
GRB051012,-17.764406204223633,26.471500396728516
GRB071010B,3.183074474334717,0.19493933022022247
GRB150428B,-13.364226341247559,10.434075355529785
GRB160801A,13.750014305114746,20.50491714477539
GRB150626A,4.752940654754639,8.535107612609863
GRB101114A,-38.58959197998047,30.604415893554688
GRB141109B,-3.686537027359009,10.724031448364258
GRB170331A,-19.236909866333008,-2.408278465270996
GRB100702A,3.376530647277832,7.372097492218018
GRB190613B,11.759214401245117,17.353261947631836
GRB191106A,-11.939254760742188,-11.329523086547852
GRB170921A,-10.230416297912598,2.2456634044647217
GRB050819,5.027103424072266,6.143256187438965
GRB180510A,14.588253021240234,-22.612491607666016
GRB150530A,9.936755180358887,-24.836793899536133
GRB060211B,-33.67471694946289,22.546810150146484
GRB110818A,-19.727895736694336,24.766950607299805
GRB160712A,5.2307209968566895,-39.21926498413086
GRB160525A,0.7907726764678955,-29.633516311645508
GRB051221A,-16.589828491210938,2.2911062240600586
GRB150101B,-18.64275360107422,-7.805227756500244
GRB090309A,-5.378110885620117,11.432760238647461
GRB150616A,-36.01076889038086,30.866069793701172
GRB151006A,18.390878677368164,-26.09188461303711
GRB160419A,9.963255882263184,-26.465301513671875
GRB060117,-14.274460792541504,32.97758483886719
GRB140901B,-13.224109649658203,-8.167933464050293
GRB160411A,12.130558967590332,-34.088714599609375
GRB180410A,-12.369569778442383,22.856063842773438
GRB071011,-24.852519989013672,30.128198623657227
GRB190627A,14.486201286315918,-5.521364688873291
GRB140304A,-12.991286277770996,26.254344940185547
GRB081028A,0.16356301307678223,-0.7784239053726196
GRB151029A,15.226478576660156,17.511075973510742
GRB180727A,-2.9687514305114746,-3.8602983951568604
GRB171102B,-12.496331214904785,20.067720413208008
GRB060926,14.818324089050293,8.996430397033691
GRB090709B,19.932729721069336,-15.829798698425293
GRB140719A,25.293521881103516,-1.4197728633880615
GRB080623,-18.224382400512695,15.660183906555176
GRB130816B,0.45480820536613464,-26.431602478027344
GRB161224A,9.05186939239502,23.34874153137207
GRB110521A,-0.5514129400253296,-36.23721694946289
GRB180805B,-19.637924194335938,0.8391672968864441
GRB041220,19.664592742919922,5.665572166442871
GRB070420,-10.657953262329102,26.649250030517578
GRB080218A,2.57184100151062,3.4392027854919434
GRB140323A,25.277748107910156,-19.100133895874023
GRB170912B,6.114415645599365,-12.603590965270996
GRB060427,-16.942184448242188,9.73488998413086
GRB160716A,10.054024696350098,-15.535748481750488
GRB120817A,4.065242767333984,-12.384357452392578
GRB130719A,10.051397323608398,15.01082706451416
GRB050315,30.66967010498047,9.094770431518555
GRB060927,-7.692014217376709,24.261638641357422
GRB130603A,-13.978992462158203,14.311203956604004
GRB090904A,21.588890075683594,-2.166081428527832
GRB190706B,27.57283592224121,-17.795791625976562
GRB091104,-30.270111083984375,15.18648910522461
GRB181103A,-21.404306411743164,-6.044444561004639
GRB191024A,11.440241813659668,6.127816200256348
GRB050215A,-0.3616487979888916,-9.244688987731934
GRB111215A,12.04966926574707,3.313115119934082
GRB061006,8.943219184875488,-13.927740097045898
GRB050603,-2.872267961502075,-36.259605407714844
GRB130831B,1.3405532836914062,-36.802391052246094
GRB120728A,0.07907292246818542,-30.114856719970703
GRB160425A,-11.470471382141113,13.874519348144531
GRB140118A,10.76720142364502,-14.583230972290039
GRB100423A,15.687926292419434,13.849360466003418
GRB120913B,-33.57426834106445,25.191001892089844
GRB180620B,-5.498305797576904,7.1412529945373535
GRB120913A,-3.127377510070801,23.948040008544922
GRB150318A,-19.990802764892578,-2.3380167484283447
GRB070520A,13.053518295288086,4.866816997528076
GRB170127B,13.657647132873535,-20.24039649963379
GRB170113A,13.121748924255371,-27.94325065612793
GRB140927A,27.132814407348633,-15.597702026367188
GRB060306,18.44005584716797,-16.354053497314453
GRB100205A,4.363926887512207,4.441604137420654
GRB131110A,27.125295639038086,-12.820530891418457
GRB090519,-23.68761444091797,29.34828758239746
GRB130418A,9.62456226348877,24.349756240844727
GRB090807A,15.763853073120117,11.490326881408691
GRB080515,22.308866500854492,9.783912658691406
GRB171222A,14.808263778686523,-8.613668441772461
GRB120311A,9.362627983093262,-11.72591781616211
GRB110808A,7.356683731079102,-14.180191040039062
GRB130508A,8.542332649230957,-34.09598159790039
GRB150722A,-1.8916566371917725,-8.631494522094727
GRB080310,-11.347713470458984,0.7809008359909058
GRB081102,13.819449424743652,-3.802744150161743
GRB060204B,1.9573767185211182,-30.411418914794922
GRB140302A,-8.264925956726074,15.01717472076416
GRB190202A,5.930373668670654,-25.24968719482422
GRB150204A,-40.16998291015625,30.593406677246094
GRB100219A,0.48756784200668335,-20.19843864440918
GRB081008,17.090593338012695,12.335786819458008
GRB060108,-8.858823776245117,13.103416442871094
GRB091208A,-10.472457885742188,-23.939674377441406
GRB170524A,-6.5586628913879395,-36.78578186035156
GRB050827,-35.27352523803711,22.907562255859375
GRB111204A,22.738666534423828,-9.181856155395508
GRB120911A,17.96567153930664,-20.09364128112793
GRB180113A,3.1272904872894287,-7.037605285644531
GRB060814,8.1296968460083,1.2839224338531494
GRB180402A,-8.938909530639648,22.97243309020996
GRB120819A,-13.208377838134766,20.104074478149414
GRB171004A,-12.278285026550293,-19.053695678710938
GRB100727A,2.408048152923584,4.585754871368408
GRB050223,13.798048973083496,-30.305316925048828
GRB070517,11.53492259979248,26.4136962890625
GRB070506,1.3164445161819458,-9.170685768127441
GRB050401,-21.945281982421875,22.98334503173828
GRB140518A,-4.798966407775879,-39.20539474487305
GRB140413A,-14.710509300231934,-22.755062103271484
GRB130716A,-4.516269207000732,5.083582401275635
GRB070326,-13.906635284423828,-20.29462432861328
GRB130502A,7.401810169219971,11.928669929504395
GRB080319B,-8.610333442687988,-10.384657859802246
GRB190114C,-7.003540515899658,-22.74996566772461
GRB130427B,-5.354525566101074,-14.557754516601562
GRB180828A,5.605453014373779,23.684703826904297
GRB170206B,-17.043720245361328,-12.01898193359375
GRB180626A,-2.8749241828918457,-13.186034202575684
GRB080721,15.800798416137695,19.099233627319336
GRB111008A,16.185808181762695,-6.5600762367248535
GRB180329A,-18.984594345092773,-6.380924701690674
GRB161004B,-41.21918487548828,32.12632369995117
GRB170419B,4.540046691894531,10.82738208770752
GRB090831C,-4.527593612670898,-21.336223602294922
GRB170531A,-6.406240463256836,13.857277870178223
GRB110503A,19.795034408569336,9.175270080566406
GRB050202,-0.8674405217170715,-39.36957931518555
GRB070611,-13.19101619720459,32.52898406982422
GRB120701A,-9.946274757385254,0.8213782906532288
GRB180614A,-13.644388198852539,4.348156452178955
GRB140916A,-16.65850830078125,-20.225833892822266
GRB140619A,-26.18202781677246,20.64899253845215
GRB071101,1.830676794052124,-17.526411056518555
GRB150212A,-11.618569374084473,18.51545524597168
GRB170317A,-20.3408203125,-5.020813465118408
GRB080411,-21.809547424316406,10.43470287322998
GRB090607,14.798736572265625,-30.876296997070312
GRB170604A,-3.566711187362671,-34.7899169921875
GRB180224A,-18.604902267456055,30.46531105041504
GRB131226A,16.425785064697266,-11.512604713439941
GRB101024A,-6.077855110168457,23.192996978759766
GRB090712,15.333333015441895,-19.415666580200195
GRB180623A,-13.216750144958496,10.115250587463379
GRB151215A,13.628243446350098,-14.986013412475586
GRB091109A,-10.069172859191895,-14.906737327575684
GRB110208A,8.18990707397461,22.45806884765625
GRB190828B,-2.603870391845703,-41.27602005004883
GRB141005A,23.99547576904297,-18.384798049926758
GRB171212A,13.96603775024414,4.409578800201416
GRB170906C,2.203050374984741,-7.401355743408203
GRB050824,-24.568378448486328,29.041622161865234
GRB111209A,-14.848682403564453,14.271162986755371
GRB100915A,20.89708137512207,-17.605670928955078
GRB191029A,11.05827522277832,-4.2636871337890625
GRB160611A,11.83969783782959,9.037609100341797
GRB090426,-15.5736665725708,-1.61847722530365
GRB130609A,25.089975357055664,4.783970355987549
GRB140614A,-25.006824493408203,28.056852340698242
GRB091130B,-8.848711013793945,24.487592697143555
GRB160519A,-30.317296981811523,20.222557067871094
GRB110319A,15.28984546661377,-32.03190612792969
GRB140716A-1,-24.416748046875,26.617923736572266
GRB131004A,-21.310626983642578,16.373071670532227
GRB070330,-16.63066864013672,-23.411508560180664
GRB080919,13.894155502319336,2.1972789764404297
GRB090621A,-10.142537117004395,-26.028276443481445
GRB141004A,-13.474897384643555,15.090927124023438
GRB080915B,18.178686141967773,-6.927216053009033
GRB150817A,-22.787269592285156,5.416538715362549
GRB131202A,13.242033004760742,25.412302017211914
GRB061222A,-13.336444854736328,-20.713504791259766
GRB070810A,-2.3744730949401855,-28.878421783447266
GRB111212A,2.782301425933838,9.30383586883545
GRB171120A,15.720890998840332,10.59431266784668
GRB131120A,-8.006625175476074,-30.058351516723633
GRB180325A,-19.6883602142334,0.9850332140922546
GRB080727C,-10.914785385131836,-20.68476104736328
GRB061218,-0.8190200328826904,-33.54105758666992
GRB160417A,-26.73448944091797,27.215171813964844
GRB120722A,-11.987022399902344,7.985179901123047
GRB060904A,-15.302010536193848,20.860790252685547
GRB121128A,-12.562382698059082,20.321346282958984
GRB130527A,-11.499077796936035,-11.036429405212402
GRB190604B,21.20335578918457,-12.560150146484375
GRB140311B,-11.599495887756348,24.865541458129883
GRB121226A,0.5780117511749268,-32.246097564697266
GRB140506A,12.339926719665527,11.244624137878418
GRB121017A,-31.293794631958008,23.282766342163086
GRB120212A,7.771549701690674,-10.90206527709961
GRB070209,26.153289794921875,1.3539968729019165
GRB070810B,-16.61618423461914,26.23626136779785
GRB170823A,-12.446825981140137,5.610977649688721
GRB180709A,18.225513458251953,7.134766578674316
GRB151023A,-10.180415153503418,-25.33182716369629
GRB060614,-23.53592872619629,31.115156173706055
GRB160826A,-39.07478713989258,34.32559585571289
GRB111210A,14.122142791748047,-10.962757110595703
GRB081128,12.460395812988281,22.641918182373047
GRB090307A,22.433698654174805,-3.9143331050872803
GRB140824A,-11.394393920898438,-22.05168342590332
GRB100111A,7.22393274307251,6.005748271942139
GRB070920A,-7.5361504554748535,-37.059478759765625
GRB160325A,-23.056541442871094,26.8802433013916
GRB070714A,-0.04297521337866783,-38.31058120727539
GRB080121,5.988664150238037,1.121025800704956
GRB120308A,-27.567338943481445,17.87934684753418
GRB061019,26.179975509643555,-18.118104934692383
GRB100628A,9.462576866149902,7.391965866088867
GRB131024A,5.989213466644287,14.390242576599121
GRB051008,4.387099266052246,24.60430908203125
GRB110420B,0.6393834352493286,-26.459867477416992
GRB090520,6.600961208343506,-1.6110751628875732
GRB110102A,-35.93400955200195,34.2551383972168
GRB090927,-5.4625020027160645,29.479183197021484
GRB130925A,11.17193603515625,-20.681800842285156
GRB190512A,-2.6342358589172363,6.2772393226623535
GRB170318B,9.540767669677734,11.39950180053711
GRB200127A,-8.369662284851074,24.604949951171875
GRB050724,-15.628091812133789,-10.497504234313965
GRB130627A,-19.052593231201172,-3.7964072227478027
GRB100203A,5.250442028045654,-31.038686752319336
GRB050716,-17.042837142944336,12.151103973388672
GRB070805,-15.404125213623047,-18.468595504760742
GRB100322B,4.765116214752197,-27.067787170410156
GRB141015A,3.135807514190674,-20.526504516601562
GRB140703A,5.075855255126953,-36.972450256347656
GRB060124,-40.59153747558594,33.39653396606445
GRB190701A,-20.26479721069336,-4.786330223083496
GRB080822B,-1.9440714120864868,3.379757881164551
GRB100418A,26.903030395507812,-6.9511213302612305
GRB180620A,0.3477320075035095,-21.639785766601562
GRB091102,12.775579452514648,-17.34514808654785
GRB140114A,0.5224478244781494,-6.779987812042236
GRB041217,-40.50574493408203,33.862815856933594
GRB090401B,-18.14431381225586,12.874277114868164
GRB170906B,-8.055564880371094,-6.417162895202637
GRB110315A,12.148391723632812,-0.40084680914878845
GRB070306,-12.913646697998047,11.551359176635742
GRB170810A,-20.44133186340332,13.981077194213867
GRB081101,7.37377405166626,-26.582292556762695
GRB180103A,-19.173227310180664,3.575044870376587
GRB181224A,-11.258803367614746,12.808414459228516
GRB160705B,-6.54223108291626,-9.20479965209961
GRB050820A,-8.183698654174805,26.01051902770996
GRB151210A,3.364053726196289,6.553951740264893
GRB050802,4.337518215179443,11.975190162658691
GRB140516A,11.929088592529297,-20.80844497680664
GRB061004,-7.140071868896484,1.7463830709457397
GRB161214B,5.4256672859191895,-28.1311092376709
GRB050319,-18.175735473632812,25.29395294189453
GRB160123A,-2.5451250076293945,9.979021072387695
GRB071117,-1.665116786956787,-4.800961971282959
GRB190824A,14.500495910644531,-26.293493270874023
GRB190110A,-38.44002151489258,32.94742965698242
GRB190109B,-32.079933166503906,24.72332000732422
GRB151228B,-16.59515953063965,2.784154176712036
GRB180930A,-15.449800491333008,10.25743293762207
GRB050908,-9.108643531799316,-8.167752265930176
GRB110827A,-5.320805549621582,12.884328842163086
GRB120218A,-3.4671778678894043,-26.146371841430664
GRB101011A,-5.638465404510498,-4.66810417175293
GRB130131B,11.172772407531738,-22.71230697631836
GRB081109A,-7.544372081756592,-4.077085018157959
GRB150530B,5.3128838539123535,-17.948837280273438
GRB130708A,-2.677874803543091,-35.391963958740234
GRB150317A,-5.679093360900879,-25.549840927124023
GRB050726,-18.511045455932617,8.725552558898926
GRB151228A,-2.338733434677124,18.544004440307617
GRB171103A,-1.2408087253570557,-14.188430786132812
GRB080430,1.9785137176513672,-38.786102294921875
GRB060708,4.365257263183594,-35.394134521484375
GRB101225A,4.481415271759033,-33.93360900878906
GRB120213A,2.0100719928741455,-16.494354248046875
GRB090518,-1.7646665573120117,16.493854522705078
GRB091221,26.664243698120117,-20.360219955444336
GRB170903A,-2.5881991386413574,-0.7776996493339539
GRB180925A,-15.02329158782959,-20.57452392578125
GRB070612B,-3.6953012943267822,-35.64999771118164
GRB180316A,-31.187219619750977,17.081111907958984
GRB090812,-31.734209060668945,20.296005249023438
GRB161129A,-16.591787338256836,13.853970527648926
GRB180205A,-4.021003246307373,16.192873001098633
GRB071008,-0.07186996191740036,-11.543044090270996
GRB110520A,4.616199016571045,26.994630813598633
GRB190203A,-19.335250854492188,21.833274841308594
GRB080810,5.99976921081543,-8.61750316619873
GRB141109A,-37.533119201660156,24.53609848022461
GRB170405A,21.070104598999023,-23.955154418945312
GRB111201A,-7.78173303604126,21.51720428466797
GRB090727,-41.187984466552734,30.627653121948242
GRB090628,3.9924745559692383,-23.119783401489258
GRB061121,-16.869401931762695,27.117799758911133
GRB120324A,21.580183029174805,-16.494312286376953
GRB180204A,-9.673113822937012,-6.1803741455078125
GRB090510,22.122272491455078,-18.28098487854004
GRB150911A,26.471580505371094,6.507731914520264
GRB120215A,8.309184074401855,15.901524543762207
GRB161014A,-0.2984115183353424,15.990995407104492
GRB080330,-13.108845710754395,22.883987426757812
GRB080409,15.604487419128418,20.533220291137695
GRB060906,8.705214500427246,-22.506914138793945
GRB090621B,22.77567481994629,-17.75828742980957
GRB130305A,-3.4040470123291016,-38.13043975830078
GRB191213A,-37.87917709350586,34.65107345581055
GRB050911,9.373788833618164,15.132640838623047
GRB190427A,-34.8348274230957,25.35116958618164
GRB130528A,6.485264778137207,-26.34072494506836
GRB110212A,20.65816879272461,-14.626091957092285
GRB050814,-6.515143871307373,-12.888677597045898
GRB121102A,-0.18046362698078156,-39.38356018066406
GRB120612A,-11.409235000610352,-8.980871200561523
GRB060516,6.972052097320557,-35.91777801513672
GRB180314B,18.104894638061523,-23.05592155456543
GRB100316C,16.985212326049805,-24.48751449584961
GRB110726A,5.286206245422363,-21.814870834350586
GRB150323C,3.469327449798584,5.842569351196289
GRB050412,-1.1662477254867554,8.315540313720703
GRB150213B,-31.87538719177246,22.01158905029297
GRB140419A,14.55439281463623,-6.750670433044434
GRB110112A,15.173951148986816,-25.263416290283203
GRB170306A,10.595864295959473,1.6201030015945435
GRB061217,-3.9252545833587646,8.221450805664062
GRB190719C,-8.758355140686035,-14.530953407287598
GRB161108A,-3.419165849685669,-41.68209457397461
GRB191004B,16.972217559814453,-20.24812889099121
GRB110205A,-37.54788589477539,25.26523780822754
GRB161117B,-29.251056671142578,19.935026168823242
GRB150513A,17.241300582885742,-13.483424186706543
GRB060602A,8.85412883758545,-16.885150909423828
GRB080130,-12.008837699890137,-17.417991638183594
GRB080602,1.5045720338821411,-35.79818344116211
GRB050507,-3.8713626861572266,13.4876708984375
GRB170912A,1.023571252822876,3.495060682296753
GRB090305A,-21.55738067626953,23.28424072265625
GRB190123A,-0.4644498825073242,-6.951785564422607
GRB141031A,10.327323913574219,-3.3040151596069336
GRB181003A,21.335390090942383,-18.962451934814453
GRB100316A,-9.496278762817383,-16.45888328552246
GRB120712A,-23.02912712097168,16.39959144592285
GRB190718A,11.644341468811035,-4.821372032165527
GRB100902A,25.90453338623047,-22.29061508178711
GRB150710A,19.14305305480957,-21.07345199584961
GRB120804A,16.941864013671875,-30.866981506347656
GRB170531B,-8.408199310302734,-28.445222854614258
GRB180818B,9.223299026489258,-29.492090225219727
GRB080319C,-16.651090621948242,-5.732657432556152
GRB110119A,-28.04766273498535,18.63874626159668
GRB080727A,-0.0833282321691513,11.92892837524414
GRB050607,6.469616413116455,-24.217912673950195
GRB070731,-14.589747428894043,33.609439849853516
GRB111107A,-6.432377338409424,-27.152544021606445
GRB131127A,21.64851188659668,-0.7334691882133484
GRB181016A,15.173584938049316,21.996379852294922
GRB091020,-4.330790042877197,-8.068807601928711
GRB170803A,-37.15117263793945,24.247386932373047
GRB180329B,20.36238670349121,-24.936201095581055
GRB060202,15.828733444213867,-25.199846267700195
GRB060116,21.380615234375,8.742743492126465
GRB171205A,6.103272438049316,4.257800102233887
GRB150309A,7.797543525695801,-19.94409942626953
GRB070704,-19.051607131958008,-5.277255058288574
GRB130831A,-15.844321250915527,28.150175094604492
GRB070729,9.68666934967041,5.697623252868652
GRB170311A,-33.63605880737305,23.867685317993164
GRB070318,-3.2510769367218018,-23.90193748474121
GRB080520,16.3818416595459,1.589917778968811
GRB090401A,-1.254388689994812,13.57331371307373
GRB160225A,-39.25773239135742,31.556650161743164
GRB121229A,-23.023101806640625,29.237098693847656
GRB061027,-6.090404987335205,-37.90483093261719
GRB150203A,3.082184314727783,-25.073575973510742
GRB100206A,20.542741775512695,-20.95388412475586
GRB121001A,-8.2775239944458,-34.94944381713867
GRB060515,18.126863479614258,-24.71202278137207
GRB090313,22.028493881225586,6.2262864112854
GRB100302A,-3.187469720840454,8.556934356689453
GRB130606A,-16.358469009399414,-17.223913192749023
GRB080405,-11.533283233642578,-0.7722571492195129
GRB050815,5.377628803253174,-35.124271392822266
GRB100212A,5.495288848876953,1.3168432712554932
GRB181123B,0.9005782008171082,-9.956520080566406
GRB100704A,-5.144070148468018,22.492984771728516
GRB190613A,-7.627064228057861,-33.50356674194336
GRB170526A,14.468152046203613,-2.2661569118499756
GRB151127A,10.912924766540527,-13.558735847473145
GRB100724A,-1.02863347530365,-21.574743270874023
GRB090618,21.000303268432617,-26.362077713012695
GRB080805,6.689923286437988,-30.420413970947266
GRB120521B,-6.709787845611572,27.41827392578125
GRB110709A,-11.862527847290039,26.487533569335938
GRB090516A,4.088450908660889,-7.2692036628723145
GRB190114A,5.640716552734375,-0.862246036529541
GRB131002A,-24.360092163085938,15.197206497192383
GRB080413A,-20.427013397216797,15.654960632324219
GRB150323B,-1.070227026939392,-26.072633743286133
GRB100606A,19.41510581970215,-6.676384925842285
GRB131002B,-15.19572925567627,0.26622092723846436
GRB160630A,20.532630920410156,-5.453376293182373
GRB100427A,17.256694793701172,16.89566993713379
GRB160703A,-4.8288187980651855,26.735069274902344
GRB180331A,-35.353145599365234,21.39775848388672
GRB190109A,-4.343901634216309,-27.257295608520508
GRB140907A,18.110111236572266,10.498934745788574
GRB141121A,12.189593315124512,-11.625320434570312
GRB120922A,7.377312183380127,14.94718074798584
GRB161220A,-5.554253578186035,20.15716552734375
GRB100807A,13.941222190856934,-19.588542938232422
GRB050822,-10.76844310760498,30.884859085083008
GRB121201A,7.027486324310303,-24.93960952758789
GRB090813,-4.705822467803955,-38.58536911010742
GRB050124,-3.589137315750122,-36.54726028442383
GRB140709A,-18.429763793945312,10.529218673706055
GRB130919A,-16.307090759277344,13.997625350952148
GRB110420A,14.36916732788086,0.19654467701911926
GRB051213,2.597752571105957,-32.791015625
GRB121211A,-1.9210845232009888,-34.38734817504883
GRB180818A,-12.842559814453125,-26.34300422668457
GRB130912A,-18.028366088867188,22.61467742919922
GRB060418,-13.132206916809082,-2.1136558055877686
GRB090728,-5.896948337554932,-19.05206871032715
GRB180924A,3.5287182331085205,-34.752716064453125
GRB160203A,-15.69741439819336,18.952802658081055
GRB090205,-34.33907699584961,22.556570053100586
GRB080503,-36.56980895996094,25.135761260986328
GRB050406,-17.05304527282715,-6.879424095153809
GRB090929B,-6.574363708496094,17.886953353881836
GRB061007,12.647724151611328,-15.080716133117676
GRB140512A,19.33664894104004,-8.535995483398438
GRB100522A,2.211676836013794,-2.353703260421753
GRB060825,-13.164019584655762,-25.90632438659668
GRB070923,24.740474700927734,-19.760263442993164
GRB180812A,-13.642599105834961,-16.064340591430664
GRB121123A,17.517070770263672,-15.031099319458008
GRB121031A,16.365327835083008,-2.909710645675659
GRB110422A,8.983634948730469,13.021512031555176
GRB191011A,22.562114715576172,11.010329246520996
GRB111022A,-3.311750650405884,21.591815948486328
GRB080916A,-17.14032554626465,-8.144305229187012
GRB140610A,-1.6133639812469482,-36.117305755615234
GRB160501A,-34.9237060546875,30.09181022644043
GRB060919,4.199739456176758,1.7045340538024902
GRB091109B,-2.7850024700164795,11.829605102539062
GRB150423A,-15.085383415222168,0.3031233251094818
GRB060813,19.436777114868164,-28.532833099365234
GRB131117A,-34.85807418823242,29.095434188842773
GRB090912,-14.320069313049316,27.446962356567383
GRB090429A,20.784326553344727,-11.749320983886719
GRB080702B,-42.39914321899414,34.32768249511719
GRB050509B,-23.62091064453125,8.360943794250488
GRB160607A,24.114879608154297,-14.983732223510742
GRB180705A,-1.9132672548294067,-39.63276672363281
GRB170705A,-4.4222798347473145,-4.526026248931885
GRB051221B,-0.35415518283843994,-22.697296142578125
GRB150626B,7.78156852722168,-4.620083808898926
GRB140428A,3.695636749267578,-3.042820692062378
GRB150821A,17.547199249267578,-4.553144454956055
GRB050528,5.798511028289795,-36.00845718383789
GRB140213A,-11.975836753845215,23.275503158569336
GRB151021A,-14.609306335449219,8.979657173156738
GRB111020A,-10.453457832336426,-28.394935607910156
GRB120811A,-10.419078826904297,-0.45556265115737915
GRB090809A,-0.3641912341117859,-36.14665985107422
GRB060111A,21.817476272583008,-10.287678718566895
GRB081017,-39.16984558105469,31.337480545043945
GRB111016A,-7.868305206298828,-8.381853103637695
GRB080702A,-21.427507400512695,7.20361328125
GRB051016B,-10.317482948303223,-1.4745290279388428
GRB110928A,16.194272994995117,-19.029945373535156
GRB140622A,3.1911377906799316,1.8061937093734741
GRB190326A,26.45415687561035,3.397355079650879
GRB161001A,-7.270530700683594,-21.224287033081055
GRB080506,24.243173599243164,7.9767680168151855
GRB110709B,17.92083168029785,-21.575708389282227
GRB110213A,2.0291028022766113,-19.94544219970703
GRB080804,-7.73563814163208,18.17234230041504
GRB180514A,15.753556251525879,-3.919431447982788
GRB121024A,12.804545402526855,-32.158851623535156
GRB180613A,6.95209264755249,-5.339649200439453
GRB091024,11.461655616760254,-23.889339447021484
GRB060319,-14.310060501098633,1.3631627559661865
GRB050502B,-11.54202938079834,-5.518863201141357
GRB070521,-16.718027114868164,18.560077667236328
GRB140628A,9.793119430541992,-5.544027328491211
GRB160821A,12.037521362304688,16.51021957397461
GRB150907B,23.247570037841797,-21.954906463623047
GRB130626A,8.934625625610352,-6.423293113708496
GRB060312,7.468908309936523,-20.9862003326416
GRB090113,10.182005882263184,-18.735931396484375
GRB060719,-5.381637096405029,14.9639892578125
GRB050712,3.451658010482788,12.802706718444824
GRB121202A,-9.186212539672852,-30.321805953979492
GRB151001B,15.93506145477295,-32.39183807373047
GRB180704A,-18.133813858032227,3.1182024478912354
GRB050922B,-20.860624313354492,26.520824432373047
GRB110414A,0.6053328514099121,7.744701385498047
GRB150711A,-22.386306762695312,27.138410568237305
GRB190829A,-7.25056266784668,5.926807880401611
GRB170115A,-12.384088516235352,8.886130332946777
GRB070612A,22.33222198486328,-14.16671371459961
GRB060115,4.322473049163818,-30.785545349121094
GRB050803,-7.819019794464111,6.662215232849121
GRB070427,-3.1342451572418213,-40.18437957763672
GRB180706A,19.717317581176758,-3.8278698921203613
GRB120907A,-33.669673919677734,26.43425941467285
GRB060707,-13.734647750854492,21.190168380737305
GRB110312A,12.824996948242188,-3.4799458980560303
GRB080325,-14.654436111450195,-1.4448727369308472
GRB190515B,-6.917407035827637,-17.272146224975586
GRB050505,21.675901412963867,-21.188358306884766
GRB080905B,-20.398557662963867,6.051850318908691
GRB140430A,-10.671951293945312,32.24739074707031
GRB140818B,26.191741943359375,-15.829721450805664
GRB161117A,-0.4885794222354889,-37.59681701660156
GRB050318,-5.289172649383545,-3.4663825035095215
GRB130216A,-6.471073150634766,-33.62494659423828
GRB161004A,-14.205623626708984,-5.94038200378418
GRB080723A,-15.094632148742676,1.5291346311569214
GRB171211A,12.532670021057129,-29.091903686523438
GRB140716A-2,8.249709129333496,26.11823081970215
GRB081016B,19.040977478027344,13.553311347961426
GRB080710,-0.3141370713710785,25.170175552368164
GRB041224,10.739457130432129,21.517467498779297
GRB160121A,-14.996306419372559,18.362079620361328
GRB120624B,-9.623030662536621,-31.241464614868164
GRB110223B,-37.487022399902344,23.816125869750977
GRB170325A,-1.836653709411621,-2.351142406463623
GRB180718A,24.947635650634766,-3.9908597469329834
GRB191017B,9.875494003295898,16.518428802490234
GRB180222A,14.077658653259277,8.373085021972656
GRB120811C,3.5631942749023438,2.8284056186676025
GRB060502A,26.66324806213379,-10.749847412109375
GRB130122A,-35.35660171508789,24.455976486206055
GRB160424A,16.776330947875977,-23.182283401489258
GRB100324A,-32.59081268310547,27.702327728271484
GRB120714B,-34.60663604736328,24.214723587036133
GRB070911,-7.642521381378174,-2.377803087234497
GRB120521C,-4.8520917892456055,-6.714609622955322
GRB101017A,-3.455864429473877,-25.325653076171875
GRB190103B,-12.436457633972168,16.14712142944336
GRB120326A,-14.357461929321289,31.18404197692871
GRB191001B,-4.8430891036987305,9.621408462524414
GRB120422A,9.5009126663208,-20.23990249633789
GRB110820A,11.08919620513916,24.273548126220703
GRB130131A,-41.53873825073242,31.68498420715332
GRB170710A,4.268496990203857,-29.122102737426758
GRB150831B,-12.093154907226562,33.372013092041016
GRB100621A,-11.815821647644043,31.982133865356445
GRB060502B,1.6682251691818237,-34.029109954833984
GRB060904B,0.21239632368087769,5.6741132736206055
GRB160506A,0.8968414664268494,8.37755012512207
GRB111005A,3.6729893684387207,-39.48469161987305
GRB060428B,-8.961259841918945,31.366132736206055
GRB090111,-0.13082504272460938,-28.63168716430664
GRB130102A,13.877521514892578,-28.518667221069336
GRB160612A,12.718164443969727,1.9811007976531982
GRB140919A,-3.82511568069458,4.255796909332275
GRB120630A,8.259235382080078,0.06640928238630295
GRB160726A,2.17317271232605,-22.632810592651367
GRB151001A,-7.502734184265137,27.91205406188965
GRB190630C,3.327594518661499,-29.524213790893555
GRB061202,16.786666870117188,-28.60199737548828
GRB190220A,-20.019306182861328,5.168859004974365
GRB140129A,-16.802038192749023,-7.833033084869385
GRB111208A,-9.702692985534668,19.509891510009766
GRB080319A,-10.753046989440918,17.175113677978516
GRB171007A,-28.506086349487305,14.913616180419922
GRB141212A,-1.9425350427627563,-27.631851196289062
GRB090904B,-42.28309631347656,33.49482727050781
GRB150402A,-3.9196410179138184,-40.21809005737305
GRB060805A,16.148645401000977,-5.035367965698242
GRB180823A,-37.841495513916016,28.88471794128418
GRB140626A,-24.296703338623047,27.17724609375
GRB070103,6.455765247344971,-14.992161750793457
GRB100413A,-8.639430046081543,15.626259803771973
GRB111129A,-0.004929504357278347,20.336448669433594
GRB100725B,8.952774047851562,-2.5926389694213867
GRB160228A,-1.1870466470718384,-7.522560119628906
GRB171115A,1.709967017173767,6.2489495277404785
GRB080707,-20.566247940063477,4.821460723876953
GRB070412,-20.967355728149414,-4.123937129974365
GRB170710B,6.8856353759765625,2.1254568099975586
GRB130327A,-6.425410270690918,-9.248356819152832
GRB090418A,3.0983030796051025,-24.002389907836914
GRB170827A,-20.511089324951172,2.2390289306640625
GRB050922C,-5.360986232757568,21.408727645874023
GRB120102A,-6.842977046966553,-1.5884078741073608
GRB140103A,-22.479656219482422,16.281047821044922
GRB180102A,23.97699546813965,-13.350728034973145
GRB150831A,-5.074790954589844,-2.2004857063293457
GRB130420A,19.413623809814453,-5.130992412567139
GRB100216A,-17.63610076904297,-12.388121604919434
GRB130907A,-32.46991729736328,25.441726684570312
GRB140719B,22.958786010742188,11.176376342773438
GRB100224A,4.974271774291992,25.35653305053711
GRB151229A,-9.407380104064941,-10.530003547668457
GRB150716A,9.181270599365234,-30.936237335205078
GRB100823A,22.652467727661133,7.5855255126953125
GRB160827A,-34.23329544067383,30.51342010498047
GRB100213B,-5.550293922424316,0.022250277921557426
GRB140502A,-36.24295425415039,23.14930534362793
GRB180331B,17.42707061767578,-3.40769362449646
GRB070917,-13.794610023498535,-25.91804313659668
GRB141102A,-22.97896957397461,31.242021560668945
GRB071020,-5.037843704223633,-23.7858943939209
GRB051021B,10.53829288482666,-10.264823913574219
GRB090531A,-14.48691177368164,-19.26808738708496
GRB141130A,-16.722576141357422,-9.00741958618164
GRB080315,18.77293586730957,4.867630958557129
GRB050525A,-18.89406967163086,5.955508232116699
GRB060923B,13.820249557495117,-33.24162673950195
GRB180425A,-7.986904621124268,-0.22518658638000488
GRB170101A,24.266258239746094,-10.232357025146484
GRB100508A,1.3242450952529907,-4.094907760620117
GRB140629A,18.4736385345459,-17.471132278442383
GRB060807,-1.389792561531067,-23.18686866760254
GRB081221,20.105392456054688,-16.420011520385742
GRB120521A,-25.348772048950195,29.131513595581055
GRB110210A,0.20637543499469757,0.3728303909301758
GRB050421,-8.942749977111816,21.42592430114746
GRB180314A,9.85224437713623,26.21632194519043
GRB080906,-15.326600074768066,-11.493867874145508
GRB070419A,9.358692169189453,8.046342849731445
GRB181126A,-29.681018829345703,23.766103744506836
GRB161022A,2.8579626083374023,-32.36623001098633
GRB160624A,9.417070388793945,-19.025768280029297
GRB080916B,18.227720260620117,-28.10622215270996
GRB070508,11.698067665100098,19.265113830566406
GRB170728A,-19.947282791137695,1.7755049467086792
GRB071003,-5.333277225494385,13.852341651916504
GRB050126,-0.6488175988197327,8.665600776672363
GRB110731A,1.1699039936065674,15.898329734802246
GRB060223B,-6.138233661651611,-14.483535766601562
GRB181002A,-36.3568229675293,31.45189094543457
GRB180728A,-11.253649711608887,-26.2133731842041
GRB190816A,-4.714115619659424,-9.539074897766113
GRB190424A,-10.243809700012207,-17.728233337402344
GRB170724A,4.887176513671875,-14.896870613098145
GRB191031A,-3.9913713932037354,-16.376476287841797
GRB130206A,9.700058937072754,-0.7231341004371643
GRB130610A,-15.746548652648926,29.035654067993164
GRB060522,-14.428709030151367,-21.560468673706055
GRB180418A,-14.137383460998535,-21.116514205932617
GRB180721A,4.648064136505127,-5.540587425231934
GRB181125A,2.56310772895813,24.5954532623291
GRB080123,-18.88692855834961,28.115795135498047
GRB080229A,6.904759407043457,-16.66630744934082
GRB090715A,1.6877126693725586,-24.8716983795166
GRB130511A,-0.11196839809417725,11.83670711517334
GRB160804A,25.266204833984375,-13.065035820007324
GRB081210,-5.3886823654174805,-34.47773742675781
GRB180905A,18.870264053344727,-24.621328353881836
GRB070224,16.77446174621582,0.5816190838813782
GRB170626A,18.967056274414062,-13.633164405822754
GRB190630B,4.74808406829834,-10.297938346862793
GRB131103A,-2.8134913444519043,26.450275421142578
GRB111207A,20.090003967285156,-2.9857475757598877
GRB120729A,6.1727471351623535,11.437827110290527
GRB120229A,-6.378015995025635,12.940308570861816
GRB150403A,19.78894805908203,10.942636489868164
GRB160412A,14.513381958007812,-24.130006790161133
GRB190519A,17.073333740234375,-27.354501724243164
GRB121027A,4.570672988891602,9.84117317199707
GRB170131A,-15.835670471191406,24.895580291748047
GRB190821A,6.568119049072266,8.051162719726562
GRB060728,-11.574578285217285,27.011972427368164
GRB170307A,9.469808578491211,17.836273193359375
GRB130612A,-3.8451666831970215,1.5812828540802002
GRB131229A,10.810063362121582,-30.744356155395508
GRB150314A,-14.98327922821045,-3.997648239135742
GRB110106B,-1.5409704446792603,-9.810093879699707
GRB131205A,-0.9613519906997681,-1.657516360282898
GRB100401A,20.377429962158203,-22.681432723999023
GRB060714,-34.728328704833984,23.191463470458984
GRB191031C,18.995817184448242,2.9046754837036133
GRB080524,20.18105697631836,7.5265069007873535
GRB190926A,2.817471981048584,-35.60533142089844
GRB180111A,15.68409252166748,5.353790760040283
GRB070520B,-13.510627746582031,-9.757987976074219
GRB180115A,2.2605626583099365,5.450397491455078
GRB160313A,3.608318567276001,-1.6901192665100098
GRB060322,-18.435909271240234,22.431676864624023
GRB090823,15.5526123046875,-23.21687126159668
GRB090916,-1.9737989902496338,-40.67582702636719
GRB141031B,-5.613166332244873,10.279869079589844
GRB160314A,10.814491271972656,3.908440351486206
GRB071031,-16.071640014648438,24.538808822631836
GRB171020A,-10.911445617675781,4.365413665771484
GRB081022,7.416759490966797,-8.538900375366211
GRB141020A,-20.875675201416016,17.084299087524414
GRB131001A,-4.872829437255859,26.007877349853516
GRB120803A,-6.2620673179626465,-24.057024002075195
GRB160127A,-18.805252075195312,26.702802658081055
GRB150120B,4.60048770904541,-38.785221099853516
GRB090530,2.5270044803619385,-38.01517868041992
GRB070107,-0.13212430477142334,-34.36285400390625
GRB170208B,-22.343656539916992,13.330209732055664
GRB131227A,-13.639859199523926,-5.038163185119629
GRB150202A,-12.732285499572754,18.51682472229004
GRB070529,20.05551528930664,-18.25152015686035
GRB170428A,-22.5564022064209,8.63806438446045
GRB180821A,-12.098037719726562,28.848283767700195
GRB060712,-11.530536651611328,17.17085075378418
GRB130306A,24.201364517211914,-11.763415336608887
GRB101219B,-36.12335968017578,30.2606258392334
GRB050128,23.862262725830078,9.133749961853027
GRB120714A,13.3189697265625,-23.768857955932617
GRB140509A,-20.737369537353516,14.2440767288208
GRB050416B,-3.9688124656677246,-22.889543533325195
GRB200109A,21.102447509765625,-8.12086009979248
GRB070616,-21.780149459838867,4.247359752655029
GRB130408A,-39.48543167114258,33.66429901123047
GRB120328A,22.60576629638672,-10.802653312683105
GRB130725B,-10.108717918395996,-22.245941162109375
GRB070920B,-24.981252670288086,16.74024772644043
GRB061222B,1.822609305381775,23.5128173828125
GRB091018,-1.1850446462631226,2.4193530082702637
GRB110223A,-13.605812072753906,25.127304077148438
GRB151027A,-26.88981056213379,15.327279090881348
GRB140710A,17.715553283691406,2.573604106903076
GRB080207,-16.412137985229492,8.859302520751953
GRB140423A,11.326546669006348,-25.114473342895508
GRB171027A,-12.064824104309082,-12.953937530517578
GRB091127,16.904897689819336,7.294973373413086
GRB110519A,-7.754180908203125,-13.404667854309082
GRB111029A,3.0573348999023438,-26.047889709472656
GRB190320A,-19.367630004882812,13.490852355957031
GRB101117B,15.267241477966309,-13.353389739990234
GRB121212A,32.73597717285156,-10.443092346191406
GRB050509A,-9.145573616027832,1.5657069683074951
GRB100305A,-6.26367712020874,-7.404077529907227
GRB101224A,0.18707740306854248,9.576973915100098
GRB140331A,-12.816666603088379,-12.445854187011719
GRB130505A,-3.5424559116363525,10.1710205078125
GRB060912A,7.5743818283081055,10.978347778320312
GRB090715B,-10.431814193725586,20.976797103881836
GRB060203,-13.833574295043945,23.315715789794922
GRB140102A,-5.669410705566406,-35.443111419677734
GRB160525B,-9.84902286529541,-24.545700073242188
GRB090509,20.10784912109375,-27.317672729492188
GRB181020A,7.512019634246826,24.85837173461914
GRB140209A,-22.441068649291992,30.202333450317383
GRB111229A,17.863248825073242,12.629793167114258
GRB121014A,7.4875874519348145,9.86901569366455
GRB160117B,0.8835718035697937,21.76349449157715
GRB190331A,24.008556365966797,-21.401363372802734
GRB170203A,14.365640640258789,-18.436695098876953
GRB170711A,-21.882904052734375,28.78927993774414
GRB130829A,17.95749282836914,-1.5013790130615234
GRB170202A,-13.647305488586426,9.176589965820312
GRB060109,11.163476943969727,14.315482139587402
GRB110201A,16.744468688964844,20.981689453125
GRB101030A,16.95811653137207,9.236915588378906
GRB130701A,10.608259201049805,19.72401237487793
GRB110407A,16.937131881713867,14.822394371032715
GRB150724A,-12.218794822692871,-5.112320423126221
GRB110318B,18.27119255065918,6.527244567871094
GRB180404A,0.761383593082428,-18.40953826904297
GRB070219,12.720290184020996,-26.10529327392578
GRB170205A,-8.089897155761719,-20.409168243408203
GRB180904A,22.407588958740234,-27.142017364501953
GRB141022A,6.733522891998291,-22.433454513549805
GRB080703,25.251432418823242,-16.775543212890625
GRB130521A,-5.918914318084717,-29.831453323364258
GRB130609B,0.5602626204490662,-2.8102009296417236
GRB111103B,-34.693389892578125,24.010581970214844
GRB100802A,6.209427356719971,-4.580572605133057
GRB050906,17.310129165649414,-25.887943267822266
GRB190611A,-2.867931604385376,-37.80312728881836
GRB130806A,18.69307518005371,-19.314180374145508
GRB151027B,2.2252893447875977,-3.836087226867676
GRB060102,-21.723133087158203,5.2250566482543945
GRB120807A,0.8101038932800293,2.0948004722595215
GRB070129,19.326736450195312,-23.34172821044922
GRB110402A,-0.28121665120124817,-4.040111064910889
GRB141205A,15.14417839050293,12.962936401367188
GRB050826,-10.05518913269043,10.688586235046387
GRB130803A,1.8258724212646484,-23.788904190063477
GRB111018A,13.81161880493164,18.891679763793945
GRB150720A,-16.04204559326172,-18.804716110229492
GRB080517,-0.46541643142700195,-5.474630355834961
GRB080319D,-15.447518348693848,-7.944955825805664
GRB050714B,-15.495853424072266,-1.641345739364624
GRB070628,-28.414518356323242,16.518667221069336
GRB060923C,-4.395843982696533,-35.88692092895508
GRB100115A,8.481651306152344,14.524097442626953
GRB160917A,-21.13117790222168,14.133079528808594
GRB121011A,-7.558210372924805,22.668975830078125
GRB121209A,-28.842164993286133,14.618257522583008
GRB100316D,7.340277194976807,-13.308487892150879
GRB120514A,-33.23819351196289,23.078144073486328
GRB101020A,8.238103866577148,-25.32406234741211
GRB190106A,-15.357328414916992,30.69599723815918
GRB100904A,-10.305082321166992,25.49994468688965
GRB151114A,-1.3060152530670166,-10.892597198486328
GRB140606A,25.460927963256836,6.844598770141602
GRB060323,-7.634275436401367,30.10324478149414
GRB131024B,4.293405055999756,-40.4379768371582
GRB160131A,-33.541751861572266,24.564638137817383
GRB050713B,28.201217651367188,-14.761856079101562
GRB151112A,13.668370246887207,13.86362075805664
GRB110128A,10.441597938537598,-31.71012306213379
GRB160216A,12.848679542541504,-13.792675971984863
GRB090417A,-8.649969100952148,23.401254653930664
GRB181213A,27.55558967590332,-8.865825653076172
GRB130807A,0.7824611067771912,-23.527311325073242
GRB071001,1.6049981117248535,0.186454638838768
GRB110530A,7.7574052810668945,-23.605594635009766
GRB060505,5.409094333648682,12.883636474609375
GRB060607A,13.936707496643066,11.15162467956543
GRB061102,9.216012001037598,-24.513856887817383
GRB080727B,-12.415350914001465,17.330780029296875
GRB070808,-0.9201669692993164,-21.36952018737793
GRB150301B,-10.377899169921875,-12.2665376663208
GRB120116A,5.812786102294922,-13.757061958312988
GRB061201,15.241414070129395,8.373278617858887
GRB130722A,15.742386817932129,3.3684513568878174
GRB081011,1.2711881399154663,-32.48881530761719
GRB100816A,-7.731053829193115,11.690753936767578
GRB050801,-10.08584213256836,2.32820725440979
GRB190610A,-8.629423141479492,-24.52004051208496
GRB180602A,8.971319198608398,21.056989669799805
GRB130515A,-18.001588821411133,-5.096339702606201
GRB110207A,5.165240287780762,-18.108482360839844
GRB081228,8.694531440734863,-4.1974029541015625
GRB170419A,24.026031494140625,-16.393573760986328
GRB081203B,15.446572303771973,-15.31057071685791
GRB140311A,-17.03738784790039,12.1314115524292
GRB071010A,-20.34400177001953,28.719757080078125
GRB120305A,7.550496578216553,-12.110791206359863
GRB120909A,-7.13654899597168,-34.36113357543945
GRB111126A,-2.9309680461883545,14.877052307128906
GRB071018,-3.2803876399993896,-40.6598014831543
GRB140614B,21.170345306396484,1.0048909187316895
GRB121217A,8.923585891723633,-26.2274112701416
GRB060211A,-20.273548126220703,13.48161506652832
GRB120815A,-12.359089851379395,-14.495157241821289
GRB120401A,-4.479861259460449,-9.421491622924805
GRB170607A,-13.285432815551758,-17.852115631103516
GRB120106A,-10.028316497802734,23.64335060119629
GRB060111B,15.123492240905762,-21.01688003540039
GRB100514A,-9.066780090332031,-22.805810928344727
GRB120724A,-11.676881790161133,-24.8618106842041
GRB141229A,-5.006729602813721,-11.768474578857422
GRB160824A,19.366586685180664,-26.613059997558594
GRB080701,15.28662109375,-27.537269592285156
GRB081121,1.7800787687301636,12.625622749328613
GRB141221A,-40.47749710083008,30.92264175415039
GRB191122A,7.755725860595703,-6.602452278137207
GRB160321A,12.049620628356934,-7.4531402587890625
GRB060923A,-9.301408767700195,26.660491943359375
GRB181110A,-10.155643463134766,12.746478080749512
GRB130518B,-14.455523490905762,12.066176414489746
GRB170126A,4.728244781494141,15.910102844238281
GRB081126,-10.88136100769043,-4.382152557373047
GRB150302A,-4.269753932952881,17.469701766967773
GRB120703A,-5.213371276855469,-32.64093017578125
GRB130625A,-29.428918838500977,17.278289794921875
GRB081230,1.5179994106292725,-6.42539119720459
GRB191228A,-15.925990104675293,-6.002058029174805
GRB101201A,12.725563049316406,-33.24382781982422
GRB070223,-8.85391616821289,7.125787258148193
GRB161219B,10.039711952209473,22.913732528686523
GRB151205B,4.8493571281433105,-38.01237487792969
GRB160117A,-7.252140045166016,-14.767712593078613
GRB180720B,1.6516849994659424,-25.9634952545166
GRB041226,20.114431381225586,-19.924543380737305
GRB100728A,18.367456436157227,-12.054792404174805
GRB120805A,-5.348926067352295,-22.1107120513916
GRB200107B,-17.35972785949707,18.964622497558594
GRB080413B,2.7023258209228516,-34.32535934448242
GRB080714,-14.933329582214355,2.3721492290496826
GRB080210,-8.431221008300781,-17.58720588684082
GRB150211A,-12.414708137512207,-22.736820220947266
GRB100928A,-10.4686918258667,28.677438735961914
GRB180504A,-11.261470794677734,-16.0710506439209
GRB181228A,-5.651902675628662,-35.436893463134766
GRB100906A,21.944150924682617,10.708447456359863
GRB131105A,-6.894812107086182,-6.0604705810546875
GRB150527A,-38.04545211791992,29.381492614746094
GRB150413A,5.4018402099609375,-16.648189544677734
GRB110801A,-39.40788269042969,29.967529296875
GRB051016A,-4.45406436920166,-27.073352813720703
GRB130313A,-15.98332405090332,-12.026934623718262
GRB120404A,-3.4026401042938232,-10.968062400817871
GRB180510B,34.49436569213867,-2.4969494342803955
GRB070509,10.488903045654297,9.60534381866455
GRB160104A,22.368709564208984,1.530630111694336
GRB150110B,23.020055770874023,-1.7131617069244385
GRB060804,-18.562850952148438,25.4482479095459
GRB060428A,-8.001350402832031,-32.21848678588867
GRB090708,-2.662949323654175,-27.398849487304688
GRB050717,-5.3494648933410645,-36.9660530090332
GRB060801,4.2272539138793945,-14.43149471282959
GRB110412A,-6.712751388549805,7.853084564208984
GRB150222A,8.67874813079834,4.336350917816162
GRB181030A,-5.977670192718506,25.07509994506836
GRB140828A,-25.340118408203125,17.846261978149414
GRB071227,-24.03844451904297,28.55483627319336
GRB140709B,-8.793855667114258,-5.464693546295166
GRB110319B,12.023141860961914,24.75157356262207
GRB041228,-11.808001518249512,-23.76875877380371
GRB160227A,-21.06826400756836,8.7839937210083
GRB130504A,-26.76146697998047,19.155258178710938
GRB191218A,-35.12744140625,30.97345733642578
GRB140713A,-1.5194247961044312,10.579442977905273
GRB071025,8.528790473937988,-12.524760246276855
GRB041219C,-12.52413558959961,10.089707374572754
GRB050418,-9.324159622192383,-9.757377624511719
GRB200122A,-6.458603858947754,-34.33697509765625
GRB080218B,3.93437123298645,-37.100013732910156
GRB090306B,9.095287322998047,19.396284103393555
GRB070328,-32.784645080566406,26.028255462646484
GRB081211B,11.674028396606445,-32.73215866088867
GRB120803B,9.237117767333984,1.9312314987182617
GRB070429B,-4.567246437072754,-17.89344024658203
GRB150818A,14.199943542480469,23.913976669311523
GRB160601A,18.480493545532227,8.511411666870117
GRB121125A,17.789579391479492,-18.445911407470703
GRB190324A,2.6841912269592285,10.753247261047363
GRB161113A,26.651447296142578,9.728788375854492
GRB080802,-15.586248397827148,2.8956680297851562
GRB130623A,14.892930030822754,5.997478008270264
GRB100420A,-20.745620727539062,27.366085052490234
GRB051227,-10.878655433654785,-23.04917335510254
GRB131128A,15.707939147949219,-14.596583366394043
GRB120119A,-28.391233444213867,18.301471710205078
GRB191019A,24.886598587036133,-8.169694900512695
GRB160905A,-41.44735336303711,30.938676834106445
GRB190219A,7.682972431182861,17.94240951538086
GRB130605A,-7.577950954437256,-34.84983825683594
GRB080303,-36.46577072143555,34.90541076660156
GRB130816A,6.5685715675354,-3.4821274280548096
GRB180324A,-4.062540531158447,-38.728492736816406
GRB070809,-5.58676815032959,5.114408016204834
GRB160327A,-3.831522226333618,-3.040942907333374
GRB150901A,-17.874353408813477,-10.138072967529297
GRB140108A,-16.532455444335938,20.747587203979492
GRB091208B,-13.409074783325195,-8.715241432189941
GRB051210,19.963680267333984,-10.333897590637207
GRB140402A,-15.144491195678711,26.289094924926758
GRB140318A,-11.335296630859375,9.010481834411621
GRB061110A,25.302762985229492,1.2591749429702759
GRB100905A,-22.714635848999023,-7.530883312225342
GRB050219A,-13.901066780090332,17.0406494140625
GRB150206A,2.597046136856079,-21.621992111206055
GRB060218,2.4128708839416504,-11.375187873840332
GRB171209A,-26.510379791259766,19.830406188964844
GRB190114B,-12.623661041259766,15.478926658630371
GRB160927A,-13.881817817687988,-22.666351318359375
GRB130315A,-19.119741439819336,9.560497283935547
GRB061002,-34.671939849853516,30.059375762939453
GRB160625A,-1.6067461967468262,-6.731351375579834
GRB150915A,-10.358888626098633,-20.179380416870117
GRB170519A,-0.871941328048706,-12.826860427856445
GRB130215A,-3.5579919815063477,6.545849800109863
GRB080320,12.567086219787598,7.328440189361572
GRB181023A,-17.820741653442383,24.16303062438965
GRB081105A,-12.622257232666016,-6.794137001037598
GRB141017A,7.810770511627197,11.300910949707031
GRB150615A,9.420329093933105,-27.853498458862305
GRB161104A,6.326455116271973,-34.41987228393555
GRB120403A,-4.650490760803223,-14.76513385772705
GRB191221B,-4.573891639709473,23.965822219848633
GRB080212,17.308340072631836,-29.444129943847656
GRB180715A,-8.96060562133789,4.75951623916626
GRB140607A,-5.134932994842529,-28.972888946533203
GRB150301A,13.297477722167969,-25.03256607055664
GRB180512A,22.727418899536133,-26.10112953186035
GRB090301A,-13.669512748718262,32.112911224365234
GRB070406,-14.608002662658691,-23.70800018310547
GRB120121A,-19.40679359436035,15.281850814819336
GRB170906A,4.5625410079956055,-13.69599723815918
GRB120114A,22.72560691833496,-6.502294063568115
GRB181010A,-6.68187141418457,0.2147342711687088
GRB111228A,-33.27464294433594,23.9126033782959
GRB121028A,-9.645562171936035,-0.09012845903635025
GRB050701,8.443680763244629,-30.054553985595703
GRB080307,-10.53153133392334,-25.76687240600586
GRB100316B,13.866942405700684,-12.960749626159668
GRB070714B,-14.17618179321289,-18.16148567199707
GRB120219A,-4.497828006744385,-34.95608139038086
GRB111103A,-8.463712692260742,-25.456981658935547
GRB130216B,11.4141206741333,23.189693450927734
GRB080725,17.363929748535156,-17.675220489501953
GRB060607B,-12.785223007202148,-25.188335418701172
GRB160709A,12.82197380065918,23.829252243041992
GRB130420B,-0.7896931767463684,-23.68893814086914
GRB061126,-28.3027286529541,15.960844993591309
GRB141220A,1.8225864171981812,15.248303413391113
GRB081226A,-15.07021427154541,25.483657836914062
GRB060501,15.79889965057373,-21.16810417175293
GRB140817A,11.714560508728027,12.714089393615723
GRB170822A,22.472827911376953,4.731368064880371
GRB171010B,0.18290232121944427,18.194456100463867
GRB090726,-11.884366035461426,21.6964054107666
GRB131224B,7.631828784942627,-18.413610458374023
GRB060110,6.690685749053955,-28.631193161010742
GRB171123A,0.6768966317176819,-37.473453521728516
GRB181027A,-22.303796768188477,-7.181508541107178
GRB150727A,14.228344917297363,12.6251859664917
GRB140706A,23.745107650756836,-24.7939395904541
GRB090107A,-2.7894229888916016,-21.241098403930664
GRB150910A,-8.922252655029297,-6.533522605895996
GRB060223A,-1.2648009061813354,-20.131986618041992
GRB110915A,-32.632850646972656,23.629615783691406
GRB151205A,-10.4231595993042,-15.906023979187012
GRB170714A,11.517292022705078,-29.98192596435547
GRB081211A,-1.561890959739685,20.25107192993164
GRB050326,-7.46869421005249,4.149177551269531
GRB140529A,-37.006534576416016,32.7957763671875
GRB110411A,22.03778076171875,-22.560626983642578
GRB090814A,-1.1499788761138916,15.590010643005371
GRB080913,8.880598068237305,-4.385995388031006
GRB100117A,11.649850845336914,-9.279397010803223
GRB100413B,-20.639707565307617,31.238529205322266
GRB070411,11.300981521606445,11.75324535369873
GRB080607,-2.9674460887908936,-26.250259399414062
GRB140211A,-18.807825088500977,23.615081787109375
GRB061021,22.452260971069336,3.9555935859680176
GRB070220,6.66222620010376,16.832202911376953
GRB090201,-0.5271551609039307,14.038719177246094
GRB071013,-29.631921768188477,21.44457244873047
GRB130529A,23.443742752075195,-6.948710918426514
GRB101023A,-19.454465866088867,5.2964324951171875
GRB191220A,-37.77396774291992,22.2746639251709
GRB060403,-6.630262851715088,-22.883235931396484
GRB140930B,14.869193077087402,-17.029085159301758
GRB181022A,17.199871063232422,-8.278234481811523
GRB090429B,10.830708503723145,17.232887268066406
GRB100424A,-6.659122467041016,-8.372361183166504
GRB120923A,-5.858628749847412,-30.284358978271484
GRB090407,9.75793743133545,13.561416625976562
GRB051109B,-27.788183212280273,20.457433700561523
GRB050215B,2.7959492206573486,-28.592435836791992
GRB050915A,17.87051773071289,-9.990800857543945
GRB150428A,-37.82429122924805,31.849105834960938
GRB050117,20.77062225341797,5.115405559539795
GRB170208A,12.125446319580078,-18.193490982055664
GRB130211A,-1.7771276235580444,-38.21873474121094
GRB150201A,11.92455005645752,-11.04151725769043
GRB090102,9.09531307220459,-9.760529518127441
GRB120118B,6.201395511627197,-32.8234977722168
GRB091112,8.969605445861816,7.486990928649902
GRB160408A,1.1807217597961426,-1.44966459274292
GRB160220B,-10.247817039489746,5.078428745269775
GRB100725A,11.679885864257812,-8.111526489257812
GRB111109A,-16.36709976196289,-12.765172958374023
GRB181203A,13.453487396240234,-31.578022003173828
GRB070724A,22.4461727142334,-19.85249900817871
GRB071129,-14.576286315917969,-15.914674758911133
GRB160220A,-2.4507522583007812,-22.596479415893555
GRB110921A,-8.90411376953125,-19.78325843811035
GRB150103A,-16.060758590698242,31.730131149291992
GRB140129B,-21.502904891967773,6.543116092681885
GRB100805A,14.445591926574707,-29.671478271484375
GRB070621,20.219228744506836,1.7392380237579346
GRB111026A,6.079173564910889,20.530376434326172
GRB170127A,1.47860848903656,-12.615095138549805
GRB081127,4.334025859832764,-32.57468032836914
GRB051117B,11.116543769836426,3.7321135997772217
GRB160303A,-0.4226987063884735,-2.9127657413482666
GRB080604,11.958833694458008,-9.254813194274902
GRB110715A,-7.764917850494385,-21.5443172454834
GRB061210,8.522747039794922,-28.33926010131836
GRB140215A,-14.987702369689941,24.426410675048828
GRB050715,-8.636661529541016,-15.991961479187012
GRB191101A,-21.934513092041016,-6.739718914031982
GRB150811A,9.9301118850708,-23.157045364379883
GRB120927A,-2.3367841243743896,-24.650732040405273
GRB161202A,13.039961814880371,-9.31481647491455
GRB080915A,-14.354696273803711,31.25773811340332
GRB051114,12.803401947021484,-30.397817611694336
GRB160223A,18.82979965209961,0.509121835231781
GRB111225A,-1.9231371879577637,-28.708995819091797
GRB160821B,10.961058616638184,-28.041797637939453
GRB150925A,16.690235137939453,-16.56784439086914
GRB051113,3.3975131511688232,-18.260995864868164
GRB090410,-1.9469598531723022,-0.48181137442588806
GRB170804A,-25.614240646362305,17.602659225463867
GRB131018A,0.7993453145027161,-33.9670295715332
GRB051117A,-10.072492599487305,14.870759010314941
GRB180618A,-9.289996147155762,-1.066155195236206
GRB051109A,-1.9107986688613892,-14.492645263671875
GRB120802A,-17.51747703552246,13.691476821899414
GRB081118,8.945040702819824,-14.734074592590332
GRB070126,11.95191764831543,19.978260040283203
GRB140206A,15.845527648925781,10.449178695678711
GRB180624A,10.532925605773926,28.11928367614746
GRB100901A,-3.407405138015747,-38.88127899169922
GRB100615A,-8.076641082763672,-9.338250160217285
GRB090515,7.952332496643066,23.712600708007812
GRB170330A,3.280195951461792,21.322111129760742
GRB120327A,-36.07377624511719,25.494747161865234
GRB070721A,-9.331205368041992,-26.45005226135254
GRB151107A,13.149025917053223,-22.030221939086914
GRB141212B,-30.017526626586914,17.645145416259766
GRB061110B,9.479681968688965,-12.891477584838867
GRB100526B,14.336359024047852,15.438920974731445
GRB180311A,-7.410526275634766,-16.075132369995117
GRB100504A,-11.870064735412598,-21.010025024414062
GRB060413,-14.742719650268555,-18.5199031829834
GRB170111A,-22.42365264892578,25.434093475341797
GRB170629A,-36.090206146240234,34.39303207397461
GRB081104,-14.099702835083008,-10.67905330657959
GRB081025,-20.293132781982422,29.766124725341797
GRB101213A,-4.13421630859375,-39.16846466064453
GRB151031A,22.269630432128906,3.273385524749756
GRB050713A,23.513961791992188,0.690363883972168
GRB090929A,-16.228551864624023,0.5703874826431274
GRB160912A,-1.9444383382797241,-37.267913818359375
GRB051111,-15.819504737854004,-22.618162155151367
GRB090529A,12.043525695800781,21.737695693969727
GRB060717,-11.401083946228027,30.251251220703125
GRB060210,-24.06713104248047,9.649999618530273
GRB100917A,7.043023109436035,12.75175952911377
GRB160119A,-8.525407791137695,27.506393432617188
GRB070721B,-32.77402114868164,22.784900665283203
GRB051001,-6.450958251953125,10.740981101989746
GRB180720C,-7.682135581970215,19.765575408935547
GRB171001A,-5.812303066253662,-32.22608184814453
GRB100213A,-3.727605104446411,-32.871700286865234
GRB110107A,-13.711136817932129,-8.286489486694336
GRB140515A,-11.854888916015625,19.576797485351562
GRB140521A,-20.38197135925293,8.399444580078125
GRB121117A,15.502660751342773,-28.5500545501709
GRB060206,-7.9455180168151855,7.441440582275391
GRB080523,11.536469459533691,-26.458431243896484
GRB060219,-34.1679801940918,23.299924850463867
GRB150819A,22.577285766601562,10.058050155639648
GRB181013A,-17.907360076904297,-4.54671573638916
GRB041223,23.05023765563965,-16.136953353881836
GRB051105A,-4.615684509277344,-33.66682434082031
GRB091029,13.764904022216797,-27.041187286376953
GRB090308A,12.727165222167969,14.483968734741211
GRB140730A,2.4310684204101562,-1.5509213209152222
GRB071112B,-3.897891044616699,-28.443283081054688
GRB191227A,2.585953950881958,-36.745460510253906
GRB070110,20.48517417907715,7.39286994934082
GRB111117A,6.0869646072387695,-19.79631233215332
GRB130604A,-42.128318786621094,33.341033935546875
GRB171216A,4.506414413452148,3.1410531997680664
GRB150323A,-5.545195579528809,-36.404232025146484
GRB170524B,20.874177932739258,12.528213500976562
GRB190204A,3.865647315979004,-39.15214920043945
GRB090422,-10.335760116577148,10.979167938232422
GRB150728A,23.904644012451172,3.0095245838165283
GRB160819A,6.070268154144287,-37.94733428955078
GRB180805A,21.464460372924805,15.291703224182129
GRB090709A,4.067012786865234,-31.49681854248047
GRB191123A,6.726079940795898,-6.018282890319824
GRB050916,6.030068397521973,-13.679827690124512
GRB110318A,7.859122276306152,-31.60342788696289
GRB100814A,2.851620674133301,10.69468879699707
GRB110625A,16.919647216796875,-8.053937911987305
GRB130608A,16.779457092285156,-9.674320220947266
GRB120816A,-37.391700744628906,30.088638305664062
GRB191004A,15.999122619628906,-17.79474639892578
GRB120320A,22.14339828491211,-14.815545082092285
GRB041219B,-8.405245780944824,-25.307817459106445
GRB100625A,20.183523178100586,-1.0945584774017334
GRB161011A,-7.5260725021362305,-10.462078094482422
GRB181202A,23.697851181030273,-23.04920196533203
GRB080328,22.955629348754883,-12.280765533447266
GRB080613B,18.828449249267578,-5.524962425231934
GRB080603B,-18.580713272094727,16.996479034423828
GRB081007,-16.20817756652832,-13.408097267150879
GRB150607A,1.4706659317016602,-30.83332061767578
GRB060507,-4.987618923187256,-38.804595947265625
GRB151122A,-15.800251007080078,15.221203804016113
GRB170112A,-7.934650897979736,3.823779582977295
GRB170318A,2.3040542602539062,-35.862579345703125
GRB191031D,-6.755216121673584,-35.935829162597656
GRB071122,-1.2761945724487305,-27.149656295776367
GRB060421,-10.155011177062988,22.04939079284668
GRB071021,-1.1876493692398071,0.7492828965187073
GRB100119A,-4.532813549041748,-37.642330169677734
GRB170813A,15.682154655456543,-29.9848690032959
GRB100719A,9.452404975891113,-32.76903533935547
GRB090118,3.3436567783355713,-37.64512252807617
GRB100924A,-29.64887809753418,19.238311767578125
GRB070419B,-29.28289794921875,13.906344413757324
GRB070429A,14.095762252807617,22.294523239135742
GRB081012,23.36083221435547,-19.860563278198242
GRB050925,-14.130674362182617,-13.7139892578125
GRB170516A,-25.116281509399414,22.850994110107422
GRB130822A,-7.24266242980957,28.955162048339844
GRB180404B,-4.192983150482178,-18.51753044128418
GRB120711B,13.193784713745117,-6.027777671813965
GRB050904,-30.211261749267578,19.017261505126953
GRB140408A,26.283540725708008,-7.795873165130615
GRB061028,7.28904914855957,17.016048431396484
GRB111123A,-15.631025314331055,-22.73871612548828
GRB151022A,9.055654525756836,10.806679725646973
GRB200115A,7.518999099731445,-28.25913429260254
GRB080205,18.768030166625977,-14.126763343811035
GRB080903,-19.802505493164062,26.741243362426758
GRB191016A,-11.4335355758667,-26.911561965942383
